INSERT INTO BOOKS (ISBN, title, authors, publisherName, year, price, category, stockThreshold) VALUES
('3626767700882',
  'The Individual Must of Case',
  'Brianna Ewing',
  'Perez LLC',
  2022,
  71.98,
  'Physics',
  13),
 ('8545656024589',
  'Capital for Condition Itself',
  'Jennifer Smith',
  'Rivera Group',
  2008,
  20.78,
  'Chemistry',
  9),
 ('1672312335117',
  'Exploring Game with Collection',
  'Katherine Watson',
  'Hansen-Anderson',
  1987,
  29.99,
  'History',
  7),
 ('7625400096352',
  'The Address Record of Film',
  'Krista Phillips',
  'Cobb PLC',
  1991,
  47.8,
  'Mathematics',
  12),
 ('0368725573872',
  'Probably for White Tonight',
  'Maria Ferguson',
  'Ford Group',
  2011,
  23.99,
  'Physics',
  5),
 ('5091014685363',
  'Difference for Property Family',
  'Mary Brown',
  'Butler, Chambers and Long',
  2011,
  85.13,
  'Mathematics',
  20),
 ('1834807346306',
  'The Skin Understand of Across',
  'William Snyder',
  'Kim, Fletcher and Vargas',
  2019,
  54.81,
  'Biology',
  14),
 ('1036814926683',
  'Oil for Painting Reach',
  'Kathryn Bailey',
  'Long-Peters',
  1983,
  96.43,
  'Physics',
  14),
 ('1631824148468',
  'Institution Know: A Degree Story',
  'Daniel Rodriguez',
  'Odonnell Ltd',
  2019,
  43.69,
  'Biology',
  14),
 ('4917616705569',
  'Exploring Factor with Test',
  'Jennifer Oliver',
  'Harper, King and Khan',
  2005,
  26.84,
  'Computer Science',
  13),
 ('6776520856928',
  'Upon Win: A Require Story',
  'Megan Shaw',
  'Newman Group',
  2024,
  76.87,
  'Art',
  11),
 ('3005750009874',
  'Parent and the Behind Fly',
  'Kathryn Archer',
  'Allen, Wolfe and Davis',
  1992,
  63.56,
  'Art',
  14),
 ('8930069944758',
  'Exploring Member with Weight',
  'Sara Smith',
  'Chambers-Williams',
  1986,
  56.35,
  'Economics',
  14),
 ('0917782300323',
  'Direction Occur: A Personal Story',
  'Christine Gonzalez',
  'Maldonado and Sons',
  1987,
  23.58,
  'Mathematics',
  10),
 ('3997947383932',
  'The Drive Dark of Government',
  'James Harrison',
  'Thomas-King',
  1999,
  70.19,
  'Art',
  12),
 ('2584570499804',
  'Exploring Professor with General',
  'Andrea Crawford MD',
  'Wiggins and Sons',
  2006,
  43.94,
  'Physics',
  13),
 ('5754809250164',
  'Vote Computer: A Tough Story',
  'Ricardo Miller',
  'Foster LLC',
  2004,
  40.8,
  'Mathematics',
  20),
 ('2053598674537',
  'Occur Leave: A Determine Story',
  'Sonya Torres',
  'Coffey and Sons',
  1982,
  38.81,
  'Psychology',
  18),
 ('9359311405222',
  'Relate and the Onto Community',
  'Virginia Grant',
  'Becker Group',
  1990,
  61.72,
  'Literature',
  14),
 ('2412632620646',
  'Office and the Among Be',
  'Kevin Campbell',
  'Wolf-Walker',
  1994,
  44.28,
  'Economics',
  13);

INSERT INTO PUBLISHERS (PublisherName, Email, Address, ContactNumber) VALUES
('Perez LLC', 'contact@perezllc.com', '873 Ryan Keys, Lake Joshuaberg, NE 58064', '207-868-1426'),
('Rivera Group', 'contact@riveragroup.com', '73065 Stacy Cove, North Andrewburgh, CA 51633', '239-953-7165'),
('Hansen-Anderson', 'contact@hansenerson.com', '8039 Jones Park Suite 891, Melaniemouth, AR 24467', '217-110-2384'),
('Cobb PLC', 'contact@cobbplc.com', 'Unit 4781 Box 5850, DPO AP 76197', '256-142-1160'),
('Ford Group', 'contact@fordgroup.com', '80577 Kennedy Via, South Johnport, OH 58449', '272-457-3947'),
('Butler, Chambers and Long', 'contact@butlerchamberslong.com', '23332 Rodriguez Flats Apt. 954, Lake Mariahshire, MI 49228', '215-104-6596'),
('Kim, Fletcher and Vargas', 'contact@kimfletchervargas.com', '644 Lawson Expressway, Yvonneshire, WY 00599', '202-519-8571'),
('Long-Peters', 'contact@longpeters.com', '378 Mccarthy Plains Suite 464, Amyberg, NC 92670', '262-368-6027'),
('Odonnell Ltd', 'contact@odonnellltd.com', '259 Jeffrey Port, Shanemouth, MH 82357', '274-212-3641'),
('Harper, King and Khan', 'contact@harperkingkhan.com', '447 Wilson Ranch Suite 385, Kellytown, ID 01755', '251-445-8960'),
('Newman Group', 'contact@newmangroup.com', '013 Eric Landing Suite 894, Lake Jose, OH 79307', '229-590-3757'),
('Allen, Wolfe and Davis', 'contact@allenwolfedavis.com', '72934 Travis Course Suite 260, Lake Nicholas, DC 02112', '303-239-6105'),
('Chambers-Williams', 'contact@chamberswilliams.com', '68596 Jenna Place Apt. 368, Gregberg, MS 71963', '308-708-9095'),
('Maldonado and Sons', 'contact@maldonadosons.com', '5281 Parrish Streets, Stephaniebury, NE 44237', '307-810-4724'),
('Thomas-King', 'contact@thomasking.com', '66695 Shepherd Way Apt. 220, Luiston, WV 83624', '214-300-5437'),
('Wiggins and Sons', 'contact@wigginssons.com', '932 John Course Apt. 288, Derekview, OK 90368', '216-342-2660'),
('Foster LLC', 'contact@fosterllc.com', '690 Miles Trafficway Apt. 869, Christopherborough, TN 83251', '218-317-9776'),
('Coffey and Sons', 'contact@coffeysons.com', '1467 Diaz Glens, South Timothy, NJ 64645', '272-993-9110'),
('Becker Group', 'contact@beckergroup.com', '122 Montgomery Pass Suite 750, Karenfort, TN 32942', '218-504-9137'),
('Wolf-Walker', 'contact@wolfwalker.com', '494 Hughes Loaf, Leemouth, MN 64298', '248-285-4008');

INSERT INTO PROMOTIONS (PromotionID, PromotionName, DiscountPercentage, StartDate, EndDate, ISBN, AdminID) VALUES
(1, 'Spring Sale', 35.07, '2026-10-28', '2026-11-13', '3626767700882', 1),
(2, 'Summer Discount', 43.41, '2026-07-02', '2026-07-25', '8545656024589', 2),
(3, 'Fall Special', 32.44, '2025-12-01', '2025-12-11', '1672312335117', 3),
(4, 'Winter Deal', 41.13, '2025-07-21', '2025-08-10', '7625400096352', 4),
(5, 'Holiday Promo', 41.25, '2025-05-30', '2025-06-07', '0368725573872', 5),
(6, 'Back to School Sale', 26.37, '2025-07-25', '2025-08-05', '5091014685363', 6),
(7, 'Black Friday Discount', 34.49, '2025-06-23', '2025-07-15', '1834807346306', 7),
(8, 'Cyber Monday Offer', 34.28, '2025-01-18', '2025-02-12', '1036814926683', 8),
(9, 'New Year Special', 35.5, '2025-07-30', '2025-08-21', '1631824148468', 9),
(10, 'Valentine''s Day Deal', 25.68, '2025-07-09', '2025-08-03', '4917616705569', 10),
(11, 'Easter Promotion', 5.11, '2026-06-01', '2026-06-29', '6776520856928', 11),
(12, 'Labor Day Sale', 17.24, '2026-01-02', '2026-01-11', '3005750009874', 12),
(13, 'Independence Day Offer', 15.06, '2026-09-18', '2026-09-28', '8930069944758', 13),
(14, 'Halloween Discount', 31.67, '2026-12-18', '2027-01-04', '0917782300323', 14),
(15, 'Thanksgiving Special', 25.4, '2025-10-17', '2025-11-01', '3997947383932', 15),
(16, 'Christmas Sale', 7.53, '2026-09-18', '2026-10-09', '2584570499804', 16),
(17, 'Mid-Year Clearance', 44.43, '2026-02-03', '2026-02-10', '5754809250164', 17),
(18, 'End of Season Sale', 11.34, '2025-12-20', '2026-01-01', '2053598674537', 18),
(19, 'Flash Sale', 36.86, '2025-11-11', '2025-11-28', '9359311405222', 19),
(20, 'Weekend Special', 28.03, '2025-07-13', '2025-07-26', '2412632620646', 20);

-- INSERT INTO HAVE_BETWEEN_BOOKS_AND_PROMOTION (ISBN, PromotionID) VALUES
-- ('3626767700882', 1),
-- ('8545656024589', 2),
-- ('1672312335117', 3),
-- ('7625400096352', 4),
-- ('0368725573872', 5),
-- ('5091014685363', 6),
-- ('1834807346306', 7),
-- ('1036814926683', 8),
-- ('1631824148468', 9),
-- ('4917616705569', 10),
-- ('6776520856928', 11),
-- ('3005750009874', 12),
-- ('8930069944758', 13),
-- ('0917782300323', 14),
-- ('3997947383932', 15),
-- ('2584570499804', 16),
-- ('5754809250164', 17),
-- ('2053598674537', 18),
-- ('9359311405222', 19),
-- ('2412632620646', 20);

-- INSERT INTO PURCHASEDETAILS (PurchaseDetailsID, PurchaseID, ISBN, Quantity, PricePerUnit) VALUES
-- (1, 1, '3626767700882', 8, 46.73661),
-- (2, 2, '8545656024589', 7, 11.7594),
-- (3, 3, '1672312335117', 1, 20.26124),
-- (4, 4, '7625400096352', 6, 28.13986),
-- (5, 5, '0368725573872', 9, 14.09413),
-- (6, 6, '5091014685363', 9, 62.68122),
-- (7, 7, '1834807346306', 2, 35.90603),
-- (8, 8, '1036814926683', 10, 63.3738),
-- (9, 9, '1631824148468', 6, 28.18005),
-- (10, 10, '4917616705569', 7, 19.94749),
-- (11, 11, '6776520856928', 5, 72.94194),
-- (12, 12, '3005750009874', 4, 52.60226),
-- (13, 13, '8930069944758', 2, 47.86369),
-- (14, 14, '0917782300323', 6, 16.11221),
-- (15, 15, '3997947383932', 10, 52.36174),
-- (16, 16, '2584570499804', 1, 40.63132),
-- (17, 17, '5754809250164', 5, 22.67256),
-- (18, 18, '2053598674537', 8, 34.40895),
-- (19, 19, '9359311405222', 3, 38.97001),
-- (20, 20, '2412632620646', 9, 31.86832);

INSERT INTO PurchaseDetailReferences (PurchaseDetailsID, PurchaseID, ISBN) VALUES
(1, 1, '3626767700882'),
(2, 2, '8545656024589'),
(3, 3, '1672312335117'),
(4, 4, '7625400096352'),
(5, 5, '0368725573872'),
(6, 6, '5091014685363'),
(7, 7, '1834807346306'),
(8, 8, '1036814926683'),
(9, 9, '1631824148468'),
(10, 10, '4917616705569'),
(11, 11, '6776520856928'),
(12, 12, '3005750009874'),
(13, 13, '8930069944758'),
(14, 14, '0917782300323'),
(15, 15, '3997947383932'),
(16, 16, '2584570499804'),
(17, 17, '5754809250164'),
(18, 18, '2053598674537'),
(19, 19, '9359311405222'),
(20, 20, '2412632620646');

INSERT INTO PurchaseItemDetails (PurchaseID, ISBN, Quantity, PricePerUnit) VALUES
(1, '3626767700882', 8, 46.73661),
(2, '8545656024589', 7, 11.7594),
(3, '1672312335117', 1, 20.26124),
(4, '7625400096352', 6, 28.13986),
(5, '0368725573872', 9, 14.09413),
(6, '5091014685363', 9, 62.68122),
(7, '1834807346306', 2, 35.90603),
(8, '1036814926683', 10, 63.3738),
(9, '1631824148468', 6, 28.18005),
(10, '4917616705569', 7, 19.94749),
(11, '6776520856928', 5, 72.94194),
(12, '3005750009874', 4, 52.60226),
(13, '8930069944758', 2, 47.86369),
(14, '0917782300323', 6, 16.11221),
(15, '3997947383932', 10, 52.36174),
(16, '2584570499804', 1, 40.63132),
(17, '5754809250164', 5, 22.67256),
(18, '2053598674537', 8, 34.40895),
(19, '9359311405222', 3, 38.97001),
(20, '2412632620646', 9, 31.86832);

INSERT INTO PURCHASES (PurchaseID, CustomerID, OrderStatus, PurchaseDate, TotalAmount) VALUES
(1, 1, 'Delivered', '2026-09-30', 227.5),
(2, 2, 'Shipped', '2025-04-08', 216.9),
(3, 3, 'Delivered', '2026-10-10', 238.0),
(4, 4, 'Shipped', '2026-10-31', 130.4),
(5, 5, 'Pending', '2026-10-12', 272.3),
(6, 6, 'Delivered', '2025-01-02', 368.4),
(7, 7, 'Shipped', '2025-12-07', 333.6),
(8, 8, 'Pending', '2025-05-29', 78.4),
(9, 9, 'Delivered', '2025-12-23', 299.25),
(10, 10, 'Shipped', '2026-02-22', 266.1),
(11, 11, 'Shipped', '2026-03-28', 209.0),
(12, 12, 'Pending', '2026-10-26', 135.8),
(13, 13, 'Pending', '2026-02-03', 196.0),
(14, 14, 'Pending', '2025-10-16', 381.2),
(15, 15, 'Shipped', '2025-03-02', 315.6),
(16, 16, 'Shipped', '2026-06-10', 81.2),
(17, 17, 'Pending', '2026-06-05', 254.8),
(18, 18, 'Shipped', '2025-02-03', 209.4),
(19, 19, 'Shipped', '2026-02-04', 251.1),
(20, 20, 'Shipped', '2026-08-10', 293.5);

INSERT INTO CUSTOMERS (CustomerID, ContactNumber, Name, Address, Email) VALUES
(1, '206-880-5742', 'Rebecca Mills', 'PSC 6341, Box 4009, APO AE 75217', 'jonathanjohnson@example.com'),
(2, '269-546-3418', 'Jose French', '2209 Clay Pass, West Jamesborough, MP 58258', 'bbrown@example.net'),
(3, '215-686-3733', 'Randy Wright DDS', '181 Dunlap Orchard Apt. 213, East Katelynland, FM 36147', 'travisgutierrez@example.org'),
(4, '208-914-9552', 'Toni Watson', '650 Gordon Springs Suite 665, Higginsview, MH 94375', 'ltran@example.net'),
(5, '240-381-7409', 'Kirk Mills', '1990 Michael Ports, Wallbury, SC 60031', 'bradleyjacqueline@example.net'),
(6, '307-717-5299', 'Richard Hernandez', '188 Scott Motorway, Kirbyland, ND 26981', 'rgreen@example.com'),
(7, '270-592-3128', 'Andrea Andrews', '364 Jodi River Suite 136, Brownfort, CA 19810', 'donaldporter@example.net'),
(8, '224-999-1190', 'Robert Reed', '53933 Conner Center Suite 153, Port Johnnyton, FL 59650', 'tyler75@example.com'),
(9, '279-151-2752', 'Fred Williams', '07354 Chaney Plains, North Josephport, NC 60995', 'amber19@example.org'),
(10, '279-850-1091', 'Steve Ryan', '78562 Krystal Port Apt. 005, Alihaven, SD 32090', 'michelleyoung@example.com'),
(11, '254-727-6243', 'John Weaver', '65928 Kevin Cove, Nixonborough, MH 32298', 'yolanda44@example.com'),
(12, '205-750-5538', 'Terrence Williams', '015 Amy Inlet, North Joseph, MT 98643', 'sara03@example.com'),
(13, '216-848-8738', 'Shannon Compton', '7998 Jared Islands, South Emily, NV 69119', 'kyle22@example.com'),
(14, '228-762-7615', 'Christopher Foster', '33328 Thompson Stream Apt. 558, Dominicburgh, HI 19388', 'tjohnson@example.net'),
(15, '216-784-8254', 'Tonya Lopez', '43630 Andrea Harbors Suite 305, Port Allenborough, NH 74814', 'hensonjade@example.com'),
(16, '217-566-8706', 'Michael Jones', '73553 Carrie Roads Apt. 008, Adamsborough, NV 15435', 'rwilson@example.org'),
(17, '225-717-5717', 'Jonathan May', '45639 Nicole Ports Apt. 620, Lake Jonathanton, OH 29865', 'jconrad@example.org'),
(18, '203-867-2702', 'Carla Quinn', '56490 Nicole Extensions, Wallacemouth, ME 20859', 'nancy37@example.org'),
(19, '209-390-4104', 'Jennifer Smith', '4504 Smith Courts Suite 920, West Alfredborough, AL 24972', 'kleonard@example.org'),
(20, '248-199-7048', 'Jack Smith', '05856 Scott Fort, Port Debraville, AL 80201', 'rojasjasmine@example.org');

INSERT INTO REVIEWS (ReviewID, CustomerID, ISBN, Rating, ReviewText, ReviewDate) VALUES
(1, 1, '3626767700882', 1, 'Not worth the money. I couldn’t even finish it.', '2026-01-31'),
(2, 2, '8545656024589', 2, 'Not great. The story had potential but didn’t deliver.', '2025-06-09'),
(3, 3, '1672312335117', 5, 'A masterpiece! The story, characters, and writing were all perfect.', '2025-08-15'),
(4, 4, '7625400096352', 1, 'Not worth the money. I couldn’t even finish it.', '2026-04-02'),
(5, 5, '0368725573872', 1, 'Terrible book. The writing was poor and the plot made no sense.', '2025-01-12'),
(6, 6, '5091014685363', 5, 'A masterpiece! The story, characters, and writing were all perfect.', '2026-01-16'),
(7, 7, '1834807346306', 5, 'Fantastic book! I loved every page and can’t wait to read more from this author.', '2025-03-18'),
(8, 8, '1036814926683', 4, 'Very good book. The writing was excellent and the plot kept me hooked.', '2025-08-24'),
(9, 9, '1631824148468', 3, 'The book was decent, but I wasn’t blown away. It’s okay for a casual read.', '2025-04-22'),
(10, 10, '4917616705569', 5, 'Fantastic book! I loved every page and can’t wait to read more from this author.', '2025-06-01'),
(11, 11, '6776520856928', 3, 'It’s fine. The story was interesting at times but lacked depth.', '2025-09-28'),
(12, 12, '3005750009874', 4, 'A great read! I couldn’t put it down and would recommend it to others.', '2026-02-22'),
(13, 13, '8930069944758', 5, 'Fantastic book! I loved every page and can’t wait to read more from this author.', '2026-04-10'),
(14, 14, '0917782300323', 3, 'An average read. It had some good moments but nothing special.', '2026-09-20'),
(15, 15, '3997947383932', 4, 'I really enjoyed this book! The story was engaging and the characters were well-developed.', '2025-03-03'),
(16, 16, '2584570499804', 4, 'A great read! I couldn’t put it down and would recommend it to others.', '2025-01-23'),
(17, 17, '5754809250164', 1, 'Terrible book. The writing was poor and the plot made no sense.', '2025-12-07'),
(18, 18, '2053598674537', 5, 'Absolutely amazing! One of the best books I’ve ever read.', '2026-09-07'),
(19, 19, '9359311405222', 5, 'Fantastic book! I loved every page and can’t wait to read more from this author.', '2025-04-24'),
(20, 20, '2412632620646', 1, 'Not worth the money. I couldn’t even finish it.', '2026-05-22');

INSERT INTO REORDERS (ReorderID, ISBN, Quantity, Status, TotalAmount, AdminID, ReOrderDate) VALUES
(1, '3626767700882', 15, 'Pending', 393.75, 1, '2026-01-28'),
(2, '8545656024589', 19, 'Pending', 1217.71, 2, '2025-04-24'),
(3, '1672312335117', 36, 'Pending', 1595.52, 3, '2025-02-17'),
(4, '7625400096352', 31, 'Pending', 3031.18, 4, '2026-03-15'),
(5, '0368725573872', 15, 'Completed', 378.15, 5, '2025-03-14'),
(6, '5091014685363', 29, 'Completed', 1887.61, 6, '2026-12-09'),
(7, '1834807346306', 27, 'Completed', 1939.68, 7, '2026-12-15'),
(8, '1036814926683', 32, 'Pending', 1219.2, 8, '2025-11-25'),
(9, '1631824148468', 46, 'Pending', 2009.28, 9, '2025-10-01'),
(10, '4917616705569', 15, 'Completed', 735.3, 10, '2026-03-31'),
(11, '6776520856928', 48, 'Completed', 3719.52, 11, '2025-09-15'),
(12, '3005750009874', 10, 'Pending', 246.6, 12, '2026-07-04'),
(13, '8930069944758', 20, 'Completed', 628.0, 13, '2025-07-24'),
(14, '0917782300323', 28, 'Completed', 1987.44, 14, '2026-05-08'),
(15, '3997947383932', 38, 'Completed', 1234.62, 15, '2025-11-03'),
(16, '2584570499804', 11, 'Pending', 326.7, 16, '2026-11-16'),
(17, '5754809250164', 29, 'Pending', 2309.85, 17, '2026-10-07'),
(18, '2053598674537', 34, 'Pending', 1855.72, 18, '2025-04-18'),
(19, '9359311405222', 31, 'Pending', 1242.17, 19, '2026-05-16'),
(20, '2412632620646', 36, 'Completed', 2657.52, 20, '2025-01-09');

INSERT INTO ADMINISTRATORS (Email, AdminID, Name, ContactNumber) VALUES
('richardtaylor@example.net', 1, 'Ronald Wood', '308-440-5742'),
('kleinmelissa@example.org', 2, 'Mitchell Jones', '301-802-2997'),
('rjordan@example.com', 3, 'Michael Riggs', '206-533-2299'),
('darrell50@example.com', 4, 'Kelly Bishop', '276-173-5193'),
('jared58@example.net', 5, 'Maria Jarvis', '274-846-1662'),
('maxwell34@example.org', 6, 'Emily Brown', '307-107-7907'),
('icunningham@example.org', 7, 'Rebecca Perez', '213-492-7988'),
('hughesvicki@example.org', 8, 'Michael Abbott', '260-522-7063'),
('millercindy@example.net', 9, 'Charles Allen', '207-212-6674'),
('sjones@example.com', 10, 'Brian Harris', '219-374-8985'),
('ydavis@example.net', 11, 'Tyler Jones', '270-649-3024'),
('nancysantos@example.com', 12, 'Karen Valdez', '252-374-2801'),
('yolandaestrada@example.net', 13, 'Bryan Taylor', '212-917-9840'),
('jhoffman@example.net', 14, 'Raymond Long', '213-333-7577'),
('sean54@example.com', 15, 'Trevor Harris', '220-247-1635'),
('julie17@example.net', 16, 'Steven Hernandez', '269-819-4738'),
('foxyvonne@example.net', 17, 'Karen Cole', '303-365-3126'),
('jonesjason@example.com', 18, 'Susan Smith', '220-250-2000'),
('ashleyjohnson@example.org', 19, 'Luis Turner', '254-139-4981'),
('joshua40@example.org', 20, 'Kimberly Payne', '307-872-9678');

INSERT INTO INVENTORY (ISBN, CurrentStock) VALUES
('3626767700882', 5),
('8545656024589', 5),
('1672312335117', 0),
('7625400096352', 11),
('0368725573872', 1),
('5091014685363', 14),
('1834807346306', 0),
('1036814926683', 0),
('1631824148468', 3),
('4917616705569', 9),
('6776520856928', 2),
('3005750009874', 7),
('8930069944758', 5),
('0917782300323', 9),
('3997947383932', 0),
('2584570499804', 12),
('5754809250164', 10),
('2053598674537', 11),
('9359311405222', 9),
('2412632620646', 6);